{
    "theme" : {
        "base" : "fancy"
    },
    "context" : "/store",
    "showPublicStoreURL":true,
    "tagWiseMode" :"false",
    "tagGroupKey" :"-group",
    "ssoConfiguration" : {
        "enabled" : "false",
        "issuer" : "API_STORE",
        "identityProviderURL" : "https://localhost:9443/samlsso",
        "keyStorePassword" : "",
        "identityAlias" : "",
        "responseSigningEnabled":"true",
        "keyStoreName" :"",
        "passive" : "true",
        "signRequests" : "true",
        //"acsURL" : "https://localhost:9443/store/jagg/jaggery_acs.jag", //In passive or request signing mode, use only if default Assertion Consumer Service URL needs to be overidden
        //"nameIdPolicy" : "urn:oasis:names:tc:SAML:1.1:nameid-format:unspecified", //If not specified, 'urn:oasis:names:tc:SAML:1.1:nameid-format:unspecified' will be used
    },
    "oidcConfiguration" : {
      "enabled" : "false",
      "issuer" : "API_STORE",
      "identityProviderURI" : "http://localhost:8080/openid-connect-server-webapp/",
      "authorizationEndpointURI" : "http://localhost:8080/openid-connect-server-webapp/authorize",
      "tokenEndpointURI" : "http://localhost:8080/openid-connect-server-webapp/token",
      "userInfoURI" : "http://localhost:8080/openid-connect-server-webapp/userinfo",
      "jwksURI" : "http://localhost:8080/openid-connect-server-webapp/jwk",
      "clientConfiguration" : {
        "clientId" : "client_am_store",
        "clientSecret" : "secret",
        "responseType" : "code",
        "authorizationType" : "authorization_code",
        "scope" : "phone email address openid profile",
        "redirectURI" : "https://localhost:9443/store/jagg/jaggery_oidc_acs.jag",
        "clientAlgorithm" : "RS256"
      }
    },
    "mutualAuthConfiguration" : {
      "enabled" : "false"
    },
    "forum" : {
        "topicsPerPage" : "5",
        "repliesPerPage" : "5",
        "resourceIdentifier" : "common"
    },


    "reverseProxy" : {
        "enabled" : false,    // values true , false , "auto" - will look for  X-Forwarded-* headers
        "host" : "sample.proxydomain.com", // If reverse proxy do not have a domain name use IP
        "context":"",
      //"regContext":"" // Use only if different path is used for registry
    },
  "mapExistingAuthApps" : false

}
